<?xml version="1.0" encoding="UTF-8" ?>
<!DOCTYPE mapper PUBLIC "-//mybatis.org//DTD Mapper 3.0//EN"
        "http://mybatis.org/dtd/mybatis-3-mapper.dtd" >
<mapper namespace="com.sky.mapper.DishFlavorMapper">


    <insert id="saveBatch">
        insert into dish_flavor (dish_id, name, value) values
        <foreach collection="flavors" item="flavor" separator=",">
            (#{flavor.dishId},#{flavor.name},#{flavor.value})
        </foreach>
    </insert>
    <delete id="deleteBatchByDishIds" >
        delete from dish_flavor where dish_id in
               <foreach collection="dishIds" item="dishId" separator="," open="(" close=")">
                   #{dishId}
               </foreach>
    </delete>
</mapper>
