<?xml version="1.0" encoding="UTF-8" ?>
<!DOCTYPE mapper PUBLIC "-//mybatis.org//DTD Mapper 3.0//EN" "http://mybatis.org/dtd/mybatis-3-mapper.dtd" >
<mapper namespace="com.sky.mapper.OrdersMapper">

    <insert id="insert" useGeneratedKeys="true" keyProperty="id">
        insert into orders(number, status, user_id, address_book_id, order_time, checkout_time, pay_method, pay_status, amount, remark, phone, address, user_name,
                           consignee, cancel_reason, rejection_reason, cancel_time, estimated_delivery_time, delivery_status, delivery_time, pack_amount,
                           tableware_number, tableware_status)
        values(#{number},#{status},#{userId},#{addressBookId},#{orderTime},#{checkoutTime},#{payMethod},#{payStatus},#{amount},
               #{remark},#{phone},#{address},#{userName},#{consignee},#{cancelReason},#{rejectionReason},#{cancelTime},#{estimatedDeliveryTime},#{deliveryStatus},#{deliveryTime},
               #{packAmount},#{tablewareNumber},#{tablewareStatus})
    </insert>
    <update id="update" parameterType="com.sky.entity.Orders">
        update orders
        <set>
            <if test="cancelReason != null and cancelReason!='' ">
                cancel_reason=#{cancelReason},
            </if>
            <if test="rejectionReason != null and rejectionReason!='' ">
                rejection_reason=#{rejectionReason},
            </if>
            <if test="cancelTime != null">
                cancel_time=#{cancelTime},
            </if>
            <if test="payStatus != null">
                pay_status=#{payStatus},
            </if>
            <if test="payMethod != null">
                pay_method=#{payMethod},
            </if>
            <if test="checkoutTime != null">
                checkout_time=#{checkoutTime},
            </if>
            <if test="status != null">
                status = #{status},
            </if>
            <if test="deliveryTime != null">
                delivery_time = #{deliveryTime}
            </if>
        </set>
        where id = #{id}
    </update>
    <select id="pageQuery" resultType="com.sky.entity.Orders">
        select * from orders
        <where>
            <if test="number != null and number!=''">
                and number like concat('%',#{number},'%')
            </if>
            <if test="phone != null and phone!=''">
                and phone like concat('%',#{phone},'%')
            </if>
            <if test="userId != null">
                and user_id = #{userId}
            </if>
            <if test="status != null">
                and status = #{status}
            </if>
            <if test="beginTime != null">
                and order_time &gt;= #{beginTime}
            </if>
            <if test="endTime != null">
                and order_time &lt;= #{endTime}
            </if>
        </where>
        order by order_time desc
    </select>
    <select id="getTurnoverByMap" resultType="java.lang.Double">
        select sum(amount) from orders
        <where>
            <if test="begin!=null">
                and order_time &gt; #{begin}
            </if>
            <if test="end!=null">
                and order_time &lt; #{end}
            </if>
            <if test="status!=null">
                and status=#{status}
            </if>
        </where>
    </select>
    <select id="getOrderNumByMap" resultType="java.lang.Integer">
        select count(id) from orders
        <where>
            <if test="begin!=null">
                and order_time &gt; #{begin}
            </if>
            <if test="end!=null">
                and order_time &lt; #{end}
            </if>
            <if test="status!=null">
                and status=#{status}
            </if>
        </where>
    </select>
   <!-- 字段名与bean属性名匹配上-->
    <select id="getSalesTop10List" resultType="com.sky.dto.GoodsSalesDTO">
        select od.name,sum(od.number) number from order_detail od,orders o
        where od.order_id=o.id and o.status=5
        <if test="begin!=null">
            and o.order_time &gt; #{begin}
        </if>
        <if test="end!=null">
            and o.order_time &lt;#{end}
        </if>
        group by od.name
        order by number desc
        limit 0,10
    </select>

</mapper>
