<?xml version="1.0" encoding="UTF-8" ?>
<!DOCTYPE mapper PUBLIC "-//mybatis.org//DTD Mapper 3.0//EN"
        "http://mybatis.org/dtd/mybatis-3-mapper.dtd" >
<mapper namespace="com.sky.mapper.UserMapper">


    <insert id="insert" useGeneratedKeys="true" keyProperty="id">
        insert into user(openid, name, phone, sex, id_number, avatar, create_time)
                    values(#{openid},#{name},#{phone},#{sex},#{idNumber},#{avatar},#{createTime})
    </insert>

    <select id="getUserNumByMap" resultType="java.lang.Integer">
        select count(id) from user
        <where>
            <if test="end!=null">
                and create_time &lt; #{end}
            </if>
            <if test="begin!=null">
                and create_time &gt; #{begin}
            </if>
        </where>
    </select>
</mapper>
